<?xml version="1.0" encoding="utf-8"?>
<!--
    Copyright (C) 2013 Tobias Brunner
    HSR Hochschule fuer Technik Rapperswil

    This program is free software; you can redistribute it and/or modify it
    under the terms of the GNU General Public License as published by the
    Free Software Foundation; either version 2 of the License, or (at your
    option) any later version.  See <http://www.fsf.org/copyleft/gpl.txt>.

    This program is distributed in the hope that it will be useful, but
    WITHOUT ANY WARRANTY; without even the implied warranty of MERCHANTABILITY
    or FITNESS FOR A PARTICULAR PURPOSE.  See the GNU General Public License
    for more details.
-->
<layer-list xmlns:android="http://schemas.android.com/apk/res/android">

    <item>
        <shape>
            <solid
                android:color="@color/panel_separator" />
        </shape>
    </item>

    <item android:left="2dp">
        <shape>
            <solid
                android:color="@color/panel_background" />
        </shape>
    </item>

</layer-list>
