<vector android:height="32dp" android:viewportHeight="512"
    android:viewportWidth="512" android:width="32dp" xmlns:android="http://schemas.android.com/apk/res/android">
    <path android:fillColor="#0052b4" android:pathData="M512,256a256,256 0,0 1,-512 0L256,0a256,256 0,0 1,256 256z"/>
    <path android:fillColor="#eee" android:pathData="M256,0zM255.3,256h0.7v-0.7l-0.7,0.7z"/>
    <path android:fillColor="#eee" android:pathData="M256,133.6V0A256,256 0,0 0,0 256h133.6v-75.2l75.2,75.2h46.5l0.7,-0.7v-46.5l-75.2,-75.2H256z"/>
    <path android:fillColor="#d80027" android:pathData="M129.5,33.4a257.2,257.2 0,0 0,-96.1 96.1V256h66.8V100.2H256V33.4H129.5z"/>
    <path android:fillColor="#d80027" android:pathData="M256,224.5l-91,-91h-31.4L256,256v-31.5z"/>
    <path android:fillColor="#ffda44" android:pathData="M289.4,133.6V256c0,59.6 77.9,78 77.9,78s78,-18.4 78,-78V133.6h-156z"/>
    <path android:fillColor="#ff9811" android:pathData="M356.2,178c0,12.4 -10,44.6 -22.3,44.6s-22.2,-32.2 -22.2,-44.5c0,-12.3 22.2,-22.3 22.2,-22.3s22.3,10 22.3,22.3z"/>
    <path android:fillColor="#a2001d" android:pathData="M415.2,202.3a92.2,92.2 0,0 0,6.4 -28c0,-10.2 -13.3,-18.5 -13.3,-18.5s-13.4,8.3 -13.4,18.6c0,6.4 2.8,19.2 6.4,28l-7.7,17.3a38.9,38.9 0,0 0,14.7 3,38.9 38.9,0 0,0 14.7,-3l-7.8,-17.4z"/>
    <path android:fillColor="#6da544" android:pathData="M350.6,256s-11.1,22.3 -11.1,44.5H395c0,-22.2 -11.1,-44.5 -11.1,-44.5l-16.7,-11.1 -16.7,11.1z"/>
    <path android:fillColor="#d80027" android:pathData="M384,256v-5.6a16.7,16.7 0,0 0,-33.4 0v5.6H384z"/>
</vector>
